taxon,intercept,timeT2,timeT3,Aatrex,Clarity,Hand,Powermax,Rsquared,Kingdom,Phylum,Class,Order,Family,Genus,Species
centroid.otu1103,-2.840369891,0.060009909,0.054437095,0.191325088,0.095892613,-0.034148858,-0.009691319,0.048963386,k:Bacteria,p:Chloroflexi,c:Chloroflexi,o:AKIW781,NA,NA,NA
centroid.otu1115,-2.79125115,0.165475023,0.172463232,-0.064208858,-0.039702546,-0.005155337,0.184393222,0.016799271,k:Bacteria,p:Acidobacteria,c:Sva0725,o:Sva0725,NA,NA,NA
centroid.otu1184,-2.84141384,0.142770382,0.06851007,-0.018216192,-0.028213311,-0.033748915,-0.056557043,0.030486766,k:Bacteria,p:Verrucomicrobia,c:[Pedosphaerae],o:[Pedosphaerales],NA,NA,NA
centroid.otu1508,-3.043669998,0.085878011,-0.012773984,0.032282544,-0.121288903,-0.22180338,-0.246195237,0.059395969,k:Bacteria,p:Planctomycetes,c:Phycisphaerae,o:WD2101,NA,NA,NA
centroid.otu19,-1.618199635,0.11275783,0.045993469,-0.030636561,-0.109269618,-0.019503676,-0.056036559,0.038087656,k:Bacteria,p:Proteobacteria,c:Alphaproteobacteria,o:Sphingomonadales,f:Sphingomonadaceae,g:Kaistobacter,NA
centroid.otu193,-2.679463,0.037104746,0.041053038,0.001225392,-0.117151067,-0.006480145,-0.197901447,0.046790871,k:Bacteria,p:Acidobacteria,c:Solibacteres,o:Solibacterales,NA,NA,NA
centroid.otu20,-1.621206644,-0.006282667,-0.065991336,0.080497639,-0.046428251,0.074833761,0.077064969,0.034275783,k:Bacteria,p:Chloroflexi,c:Thermomicrobia,o:JG30-KF-CM45,NA,NA,NA
centroid.otu22,-1.808789375,-0.013180665,0.001707373,0.179209772,0.12417193,0.058176191,0.088688553,0.052347367,k:Bacteria,p:Acidobacteria,c:Acidobacteria-6,o:iii1-15,NA,NA,NA
centroid.otu259,-2.463136959,-0.048065773,-0.02837159,0.034618106,0.149940676,0.117080028,0.013530449,0.03352659,k:Bacteria,p:Acidobacteria,c:Acidobacteria-6,o:iii1-15,NA,NA,NA
centroid.otu414,-2.999423063,0.003894038,-0.02146629,0.1315313,0.043903982,0.173189455,0.062074009,0.035633955,k:Bacteria,p:Nitrospirae,c:Nitrospira,o:Nitrospirales,f:0319-6A21,NA,NA
centroid.otu530,-2.496029513,-0.161952495,-0.070501535,0.064296266,-0.028720004,0.013247632,-0.05411094,0.033859325,k:Bacteria,p:Acidobacteria,c:Acidobacteria-6,o:CCU21,NA,NA,NA
centroid.otu75,-1.985386461,-0.120316873,-0.081530827,0.081273115,-0.085010423,-0.04052017,-0.031397298,0.042414164,k:Bacteria,p:Acidobacteria,c:[Chloracidobacteria],o:RB41,NA,NA,NA
centroid.otu821,-2.607888776,0.038129674,-0.088182301,0.007300237,-0.052609842,0.038292627,0.005878906,0.014917312,k:Bacteria,p:Proteobacteria,c:Gammaproteobacteria,o:Xanthomonadales,f:Xanthomonadaceae,NA,NA
centroid.otu114,-2.536213062,-0.009656949,-0.161129836,-0.043485115,0.001297269,0.079784943,0.037634877,0.05972753,k:Bacteria,p:Acidobacteria,c:Acidobacteria-6,o:iii1-15,NA,NA,NA
centroid.otu115,-2.623661832,-0.075023979,-0.052133202,-0.030901903,0.005882635,-0.021355238,0.029827751,0.012410478,k:Bacteria,p:Acidobacteria,c:[Chloracidobacteria],o:RB41,NA,NA,NA
centroid.otu1225,-3.131731063,0.090146107,-0.012439794,-0.148624222,-0.107577438,-0.130299067,0.054330046,0.112491438,k:Bacteria,p:Gemmatimonadetes,c:Gemm-1,NA,NA,NA,NA
centroid.otu155,-2.538676691,0.197297344,0.129486929,0.026789628,0.199195907,0.115210046,0.163684195,0.07538995,k:Bacteria,p:Acidobacteria,c:Acidobacteria-6,o:iii1-15,NA,NA,NA
centroid.otu2139,-3.248934576,0.044993777,0.049296835,0.117236004,0.193087373,0.035815527,0.111073026,0.01512649,k:Bacteria,p:Chloroflexi,c:Thermomicrobia,o:JG30-KF-CM45,NA,NA,NA
centroid.otu44,-2.33686811,0.018779403,-0.044188838,-0.129910748,-0.08459482,-0.045678094,-0.050943925,0.025339694,k:Bacteria,p:Acidobacteria,c:[Chloracidobacteria],o:RB41,f:Ellin6075,NA,NA
centroid.otu639,-3.097848296,0.079306759,0.090199756,-0.010784204,0.034872166,0.015527855,0.131844883,0.03780104,k:Bacteria,p:Proteobacteria,c:Deltaproteobacteria,o:[Entotheonellales],f:[Entotheonellaceae],NA,NA
centroid.otu695,-3.142421337,0.068338268,0.081154393,0.165545736,0.029918936,-0.057576514,0.097012211,0.045847123,k:Bacteria,p:Proteobacteria,c:Alphaproteobacteria,o:Sphingomonadales,NA,NA,NA
centroid.otu95,-2.513459494,-0.04134706,-0.025244148,-0.094260926,0.047275068,-0.005019942,-0.136778252,0.03785115,k:Bacteria,p:Acidobacteria,c:Acidobacteria-6,o:iii1-15,NA,NA,NA
centroid.otu1014,-2.377026193,-0.081002887,-0.08330392,-0.322640497,-0.224347608,-0.242510744,-0.119020876,0.045278866,k:Bacteria,p:Actinobacteria,c:Actinobacteria,o:Actinomycetales,f:Cellulomonadaceae,g:Oerskovia,NA
centroid.otu113,-2.267757972,-0.068255846,0.006436803,0.000884695,0.091571328,0.096626307,-0.097797216,0.05017791,k:Bacteria,p:Acidobacteria,c:Acidobacteria-6,o:iii1-15,f:RB40,NA,NA
centroid.otu119,-2.329185428,-0.018527764,-0.090826881,0.119173456,0.102564022,0.102517871,-0.019687382,0.03755498,k:Bacteria,p:Acidobacteria,c:Acidobacteria-6,o:iii1-15,NA,NA,NA
centroid.otu122,-2.169600986,0.018100221,-0.057888798,-0.04743938,-0.053659444,-0.024355624,-0.140670606,0.027493794,k:Bacteria,p:Bacteroidetes,c:Sphingobacteriia,o:Sphingobacteriales,f:Sphingobacteriaceae,NA,NA
centroid.otu1447,-2.658974937,-0.022396898,0.022364758,-0.084371713,-0.140067675,-0.090280503,-0.150184167,0.024530028,k:Bacteria,p:Gemmatimonadetes,c:Gemm-3,NA,NA,NA,NA
centroid.otu1496,-2.775932317,-0.001944364,-0.00715012,0.092090365,0.004760122,-0.020597653,-0.005294517,0.010850612,k:Bacteria,p:Actinobacteria,c:Acidimicrobiia,o:Acidimicrobiales,f:C111,NA,NA
centroid.otu1691,-2.908546921,0.053517107,0.085835602,0.21451378,0.11992028,0.179351595,0.069853248,0.018416563,k:Bacteria,p:Planctomycetes,c:Planctomycetia,o:Gemmatales,f:Gemmataceae,g:Gemmata,NA
centroid.otu18,-1.608658218,0.097718407,0.113586312,0.056407692,-0.129988304,-0.049660912,-0.023377118,0.069446368,k:Bacteria,p:Acidobacteria,c:Acidobacteria-6,o:iii1-15,NA,NA,NA
centroid.otu21,-1.713786084,-0.00102334,-0.017202297,-0.133214126,0.065153082,-0.057907459,0.052533795,0.067696781,k:Bacteria,p:Acidobacteria,c:[Chloracidobacteria],o:RB41,f:Ellin6075,NA,NA
centroid.otu23,-1.71984976,0.093602273,-0.003278151,-0.123736761,-0.103547948,-0.076013929,-0.18429895,0.053822155,k:Bacteria,p:Verrucomicrobia,c:[Spartobacteria],o:[Chthoniobacterales],f:[Chthoniobacteraceae],NA,NA
centroid.otu3,-1.037617173,-0.00072772,-0.028018569,-0.068181597,0.082314948,-0.047798025,0.038920098,0.043255977,k:Bacteria,p:Acidobacteria,c:[Chloracidobacteria],o:RB41,f:Ellin6075,NA,NA
centroid.otu37,-2.330161916,0.071809486,0.084357407,0.151571804,-0.050637737,0.061845501,0.039482479,0.048563212,k:Bacteria,p:Actinobacteria,c:Actinobacteria,o:Actinomycetales,f:Micromonosporaceae,g:Couchioplanes,NA
centroid.otu376,-2.824617808,-0.030231924,0.300433835,0.038373453,-0.219002742,0.147655207,0.31110273,0.045096687,k:Bacteria,p:Proteobacteria,c:Gammaproteobacteria,o:Pseudomonadales,f:Pseudomonadaceae,g:Pseudomonas,NA
centroid.otu42,-2.311817632,0.08622167,0.129395072,0.097753003,-0.072533909,-0.033196431,0.118126392,0.075858396,k:Bacteria,p:Acidobacteria,c:Acidobacteria-6,o:iii1-15,NA,NA,NA
centroid.otu429,-2.62371687,0.029965606,0.034394168,0.048268982,0.034551293,-0.024149896,-0.044792204,0.010260626,k:Bacteria,p:Planctomycetes,c:Phycisphaerae,o:WD2101,NA,NA,NA
centroid.otu734,-2.688942298,0.03372468,0.124161352,-0.001487482,-0.11817401,0.042226408,-0.013547219,0.031304018,k:Bacteria,p:Verrucomicrobia,c:[Spartobacteria],o:[Chthoniobacterales],f:[Chthoniobacteraceae],NA,NA
centroid.otu839,-2.685079785,-0.069244879,0.056403204,-0.211107049,-0.005776946,-0.057309128,-0.088603124,0.060522815,k:Bacteria,p:Planctomycetes,c:Planctomycetia,o:Gemmatales,f:Isosphaeraceae,NA,NA
centroid.otu856,-2.909286981,-0.029719589,-0.099309582,-0.061497041,-0.288376377,-0.004956042,-0.140997289,0.049405705,k:Bacteria,p:Proteobacteria,c:Deltaproteobacteria,o:Myxococcales,f:Polyangiaceae,g:Sorangium,s:Sorangium_cellulosum
centroid.otu1,-1.305426463,0.041383511,0.053016871,-0.052089526,0.043718442,-0.122189879,-0.021592618,0.036044283,k:Bacteria,p:Actinobacteria,c:Actinobacteria,o:Actinomycetales,f:Micrococcaceae,NA,NA
centroid.otu10,-1.844709207,0.052901395,0.063344688,0.074372439,-0.116156659,-0.007414312,0.035437762,0.05581417,k:Bacteria,p:Acidobacteria,c:[Chloracidobacteria],o:RB41,NA,NA,NA
centroid.otu1001,-3.057542402,-0.146813947,-0.120809295,-0.157052992,0.014468934,0.067006638,0.022805557,0.04386071,k:Bacteria,p:Planctomycetes,c:Planctomycetia,o:Planctomycetales,f:Planctomycetaceae,g:Planctomyces,NA
centroid.otu1015,-3.141310325,0.072492051,0.056652357,0.036048891,0.086522793,-0.060007101,-0.134126382,0.049467801,k:Bacteria,p:Planctomycetes,c:Planctomycetia,o:Pirellulales,f:Pirellulaceae,g:Pirellula,NA
centroid.otu102,-2.521134314,0.016165771,-0.053761346,-0.108487722,-0.160429195,-0.184036566,-0.183734432,0.055500942,k:Bacteria,p:Acidobacteria,c:[Chloracidobacteria],o:RB41,f:Ellin6075,NA,NA
centroid.otu1026,-2.969169981,-0.05508025,-0.049104602,-0.087368783,-0.114523705,-0.123640589,-0.053244427,0.023057686,k:Bacteria,p:Chloroflexi,c:Thermomicrobia,o:JG30-KF-CM45,NA,NA,NA
centroid.otu1027,-3.088681883,0.064462852,-0.018674347,-0.007348568,0.0547252,-0.03844414,-0.129182521,0.032762991,k:Bacteria,p:Chloroflexi,c:Thermomicrobia,o:JG30-KF-CM45,NA,NA,NA
centroid.otu1032,-3.248962956,0.052678269,0.083534978,0.12997404,0.128258334,0.072107031,0.003650444,0.024096861,k:Bacteria,p:Planctomycetes,c:Phycisphaerae,o:WD2101,NA,NA,NA
centroid.otu1052,-2.980649858,0.063080807,0.00899549,-0.073598492,-0.127437132,-0.142556748,-0.01327209,0.019459505,k:Bacteria,p:Actinobacteria,c:Actinobacteria,o:Actinomycetales,f:Streptomycetaceae,g:Streptomyces,NA
centroid.otu1056,-3.115172767,0.075278547,0.05183591,0.026399992,-0.0806253,-0.099225628,-0.148014736,0.058131649,k:Bacteria,p:Bacteroidetes,c:[Saprospirae],o:[Saprospirales],f:Chitinophagaceae,NA,NA
centroid.otu1057,-3.149471737,-0.001093538,-0.028688001,0.030590513,0.05300004,0.038092154,0.117390872,0.009821669,k:Bacteria,p:Chloroflexi,c:Anaerolineae,o:Caldilineales,f:Caldilineaceae,NA,NA
centroid.otu1074,-3.063840981,0.113447629,-0.060624452,-0.049259723,-0.105533263,-0.106216264,-0.201871233,0.057253974,k:Bacteria,p:Acidobacteria,c:Acidobacteria-6,o:iii1-15,NA,NA,NA
centroid.otu1084,-2.946486979,0.031896484,-0.060247415,0.068530507,-0.02705554,-0.115627961,0.018442575,0.012212603,k:Bacteria,p:Actinobacteria,c:Actinobacteria,o:Actinomycetales,f:Thermomonosporaceae,NA,NA
centroid.otu1087,-3.217575524,-0.044440259,0.027399632,0.155306958,0.192952269,0.138505311,0.232880064,0.062325238,k:Bacteria,p:Planctomycetes,c:Planctomycetia,o:Gemmatales,f:Gemmataceae,NA,NA
centroid.otu1089,-3.03215992,-0.052661845,0.048402194,-0.150568983,-0.10420889,0.049806233,-0.048008975,0.012395453,k:Bacteria,p:Proteobacteria,c:Betaproteobacteria,o:Burkholderiales,f:Comamonadaceae,NA,NA
centroid.otu1098,-3.231151981,-0.043468725,0.048004899,0.136525292,0.07319072,0.137962966,0.134642785,0.031863683,k:Bacteria,p:Chloroflexi,c:Chloroflexi,o:Chloroflexales,NA,NA,NA
centroid.otu1102,-3.004794465,-0.017126227,-0.025790434,0.051214558,0.051743961,-0.128313348,-0.141558511,0.032568049,k:Bacteria,p:Planctomycetes,c:Planctomycetia,o:Gemmatales,f:Isosphaeraceae,NA,NA
centroid.otu1135,-3.142187618,-0.006121419,0.078003811,-0.092304895,0.04427647,-0.048564006,-0.02691089,0.038601496,k:Bacteria,p:Bacteroidetes,c:[Saprospirae],o:[Saprospirales],f:Chitinophagaceae,NA,NA
centroid.otu1140,-3.129578531,0.030329026,-0.073084344,0.073845055,-0.038194251,-0.04600131,0.01397711,0.027355693,k:Bacteria,p:Proteobacteria,c:Alphaproteobacteria,o:Rhodospirillales,NA,NA,NA
centroid.otu1152,-3.119522765,0.08466438,-0.01439108,-0.08423974,-0.086063863,-0.002639566,0.098892866,0.05514026,k:Bacteria,p:Planctomycetes,c:Planctomycetia,o:Planctomycetales,f:Planctomycetaceae,g:Planctomyces,NA
centroid.otu1166,-2.992735745,0.111849802,0.045012739,-0.053268732,-0.136334861,-0.039383953,-0.112793176,0.0198661,k:Bacteria,p:Actinobacteria,c:Actinobacteria,o:Actinomycetales,f:Microbacteriaceae,NA,NA
centroid.otu1168,-3.185710068,-0.02763046,-0.017183483,0.120804199,-0.014251593,-0.048500344,0.076898254,0.037736642,k:Bacteria,p:Verrucomicrobia,c:[Spartobacteria],o:[Chthoniobacterales],f:[Chthoniobacteraceae],g:DA101,NA
centroid.otu1179,-3.13059498,0.001416315,0.050686712,-0.050773714,0.081578783,-0.013805579,-0.026063557,0.018301087,k:Bacteria,p:Proteobacteria,c:Alphaproteobacteria,o:Rhodospirillales,NA,NA,NA
centroid.otu118,-2.602614312,-0.079898796,-0.136563574,-0.049729092,0.02624401,-0.01614522,0.009397531,0.031879685,k:Bacteria,p:Planctomycetes,c:Planctomycetia,o:Pirellulales,f:Pirellulaceae,NA,NA
centroid.otu1196,-3.097255643,-0.013588817,-0.029097618,-0.116335724,0.031818959,0.014283328,-0.066267416,0.025303363,k:Bacteria,p:Planctomycetes,c:Planctomycetia,o:Gemmatales,f:Gemmataceae,NA,NA
centroid.otu12,-1.927991061,0.001283094,0.022663328,-0.062688497,0.113789332,-0.013993736,-0.048920855,0.056990237,k:Bacteria,p:Acidobacteria,c:Acidobacteria-6,o:iii1-15,NA,NA,NA
centroid.otu121,-2.658300809,0.002593897,0.075885063,-0.044758553,0.016821626,-0.011102605,-0.127895342,0.034685426,k:Bacteria,p:Planctomycetes,c:Phycisphaerae,o:WD2101,NA,NA,NA
centroid.otu1226,-3.095095843,-0.014614474,0.112182431,0.003554355,-0.065098358,-0.008570341,-0.019183886,0.024301462,k:Bacteria,p:Acidobacteria,c:Acidobacteria-6,o:iii1-15,f:mb2424,NA,NA
centroid.otu1228,-3.162676232,0.052199819,-0.011382275,0.03712762,-0.034424922,-0.022016556,0.027058485,0.011322867,k:Bacteria,p:Acidobacteria,c:Acidobacteria-6,NA,NA,NA,NA
centroid.otu1252,-3.09880898,-0.00378028,0.011550309,0.047791192,-0.125053153,-0.014251969,-0.052876337,0.024646678,k:Bacteria,p:Acidobacteria,c:[Chloracidobacteria],o:RB41,f:Ellin6075,NA,NA
centroid.otu1253,-3.281194049,0.070435236,0.185599169,0.065199883,0.089033304,0.207683292,0.033511121,0.03615486,k:Bacteria,p:Acidobacteria,c:Acidobacteria-6,o:iii1-15,f:RB40,NA,NA
centroid.otu1260,-3.133993085,-0.140321286,-0.057085684,0.001166667,0.048355521,-0.037656852,0.215612513,0.070075342,k:Bacteria,p:Actinobacteria,c:Thermoleophilia,o:Solirubrobacterales,NA,NA,NA
centroid.otu127,-2.647440293,-0.056009713,-0.066346908,0.067937411,0.103163661,0.045295172,0.034192632,0.016531601,k:Bacteria,p:Actinobacteria,c:MB-A2-108,o:0319-7L14,NA,NA,NA
centroid.otu1273,-3.1536075,0.027257418,0.121662177,-0.045985377,-0.122939494,0.017539727,0.100867113,0.025629506,k:Bacteria,p:Gemmatimonadetes,c:Gemm-3,NA,NA,NA,NA
centroid.otu1277,-3.225906038,0.077312654,0.143334197,-0.039714529,0.000707811,0.093235766,-0.062468247,0.053593405,k:Bacteria,p:Planctomycetes,c:Phycisphaerae,o:WD2101,NA,NA,NA
centroid.otu1278,-3.004448616,0.145969768,0.145044627,0.007397781,-0.171509761,-0.209472715,-0.100836591,0.035420614,k:Bacteria,p:Proteobacteria,c:Alphaproteobacteria,o:Sphingomonadales,f:Sphingomonadaceae,g:Sphingobium,NA
centroid.otu1280,-3.071624997,-0.146193142,-0.09681533,0.001233608,0.030662704,-0.06434065,0.050223388,0.039358346,k:Bacteria,p:Firmicutes,c:Bacilli,o:Bacillales,NA,NA,NA
centroid.otu1281,-3.118223716,-0.002069105,-0.077668616,0.065129327,-0.031063378,-0.142858606,0.112873538,0.047191167,k:Bacteria,p:Chloroflexi,c:Anaerolineae,o:H39,NA,NA,NA
centroid.otu1290,-2.924176158,-0.004650925,-0.04384888,-0.148588149,-0.254259994,-0.176101337,-0.236096825,0.046709256,k:Bacteria,p:Verrucomicrobia,c:[Pedosphaerae],o:[Pedosphaerales],NA,NA,NA
centroid.otu1297,-2.8208146,-0.106669653,-0.204170526,0.101098179,-0.238375002,-0.265278326,0.145744328,0.054746571,k:Bacteria,p:Proteobacteria,c:Alphaproteobacteria,o:Rhodobacterales,f:Rhodobacteraceae,g:Paracoccus,s:Paracoccus_marcusii
centroid.otu1318,-3.126483637,-0.025496866,0.02278336,0.041015758,-0.106185405,0.030554797,-0.072392239,0.023791528,k:Bacteria,p:Bacteroidetes,c:[Saprospirae],o:[Saprospirales],f:Saprospiraceae,NA,NA
centroid.otu132,-2.58316761,-0.018710406,0.02854829,0.037968654,-0.050431929,-0.055186085,0.108109408,0.033088594,k:Bacteria,p:Chloroflexi,c:Anaerolineae,o:H39,NA,NA,NA
centroid.otu1329,-3.129808813,-0.097022891,-0.149021771,0.132457641,0.073726204,0.109883301,0.059083704,0.035600375,k:Bacteria,p:Armatimonadetes,c:0319-6E2,NA,NA,NA,NA
centroid.otu133,-2.705802833,0.045329884,0.013548143,-0.000175967,0.064707984,-0.017646696,0.015463565,0.009129734,k:Bacteria,p:Planctomycetes,c:Phycisphaerae,o:WD2101,NA,NA,NA
centroid.otu1331,-3.17613862,-0.065952561,-0.091168734,0.140473579,0.222061802,0.103755858,0.1474423,0.030164064,k:Bacteria,p:Chloroflexi,c:TK10,NA,NA,NA,NA
centroid.otu1332,-2.968183553,0.003073125,0.040704434,-0.178841095,-0.289976556,-0.175009155,-0.20689457,0.043627715,k:Bacteria,p:Firmicutes,c:Bacilli,o:Bacillales,f:Bacillaceae,g:Bacillus,s:Bacillus_muralis
centroid.otu1335,-3.092504047,-0.006708298,0.047817933,-0.041742989,-0.134442142,-0.077565361,0.022918436,0.018678114,k:Bacteria,p:Proteobacteria,c:Betaproteobacteria,o:Burkholderiales,f:Oxalobacteraceae,NA,NA
centroid.otu1337,-3.130827878,-0.008311106,0.046283936,-0.08591905,-0.039756568,-0.135929152,0.192601283,0.071447651,k:Bacteria,p:Bacteroidetes,c:Cytophagia,o:Cytophagales,f:Cytophagaceae,g:Pontibacter,NA
centroid.otu1338,-3.231816652,0.071813868,0.097030069,-0.072935425,-0.076227564,-0.133642475,0.19110851,0.137446016,k:Bacteria,p:Proteobacteria,c:Alphaproteobacteria,o:Rhizobiales,NA,NA,NA
centroid.otu1341,-3.125269635,-0.023764051,0.107544458,-0.072328767,-0.005015967,-0.053265931,-0.157872985,0.048496483,k:Bacteria,p:Firmicutes,c:Bacilli,o:Bacillales,f:Bacillaceae,g:Bacillus,NA
centroid.otu1344,-3.188125936,0.105550585,-0.00562588,-0.066481184,-0.007558051,-0.081638081,0.016569576,0.022590408,k:Bacteria,p:Acidobacteria,c:Acidobacteria-6,o:iii1-15,NA,NA,NA
centroid.otu1351,-3.172662703,-0.05054955,-0.069933631,0.126448301,-0.012849595,0.064540627,0.095574139,0.034613604,k:Bacteria,p:Chloroflexi,c:Chloroflexi,o:[Roseiflexales],f:[Kouleothrixaceae],NA,NA
centroid.otu1360,-3.204570165,0.023440985,0.019719578,-0.020266252,0.061164411,0.138736613,0.076686639,0.016701432,k:Bacteria,p:Acidobacteria,c:Acidobacteria-6,o:iii1-15,NA,NA,NA
centroid.otu1369,-3.168373782,0.078571856,-0.03846692,0.139327876,0.179240534,0.103007867,0.118221791,0.023953539,k:Bacteria,p:Chloroflexi,c:Anaerolineae,o:SBR1031,f:A4b,NA,NA
centroid.otu1370,-3.020995006,0.001276121,-0.140339388,-0.024850989,-0.102098814,-0.012109463,0.011518268,0.034840618,k:Bacteria,p:Actinobacteria,c:Acidimicrobiia,o:Acidimicrobiales,f:C111,NA,NA
centroid.otu1379,-3.266651409,0.091604185,0.06113314,0.168155364,0.027629001,0.203015665,0.158789925,0.041588266,k:Bacteria,p:Chloroflexi,c:Ellin6529,NA,NA,NA,NA
centroid.otu1384,-3.173625324,-0.012020513,0.026969518,-0.02868259,-0.018557767,-0.049903061,0.069511466,0.011945479,k:Bacteria,p:Proteobacteria,c:Alphaproteobacteria,o:Rhizobiales,f:Hyphomicrobiaceae,NA,NA
centroid.otu1400,-3.178894232,0.159243044,0.012069112,-0.046698476,0.024202301,-0.047110832,0.108770473,0.077354721,k:Bacteria,p:Proteobacteria,c:Alphaproteobacteria,o:Rhizobiales,f:Hyphomicrobiaceae,g:Rhodoplanes,NA
centroid.otu141,-2.502599337,-0.062592831,0.053023614,-0.08500877,-0.183547074,-0.071838752,-0.128016754,0.048179978,k:Bacteria,p:Chloroflexi,c:S085,NA,NA,NA,NA
centroid.otu142,-2.67116404,0.028640165,-0.022944267,0.066839442,-0.051604462,0.008716523,0.142692468,0.039604016,k:Bacteria,p:Chloroflexi,c:Thermomicrobia,o:JG30-KF-CM45,NA,NA,NA
centroid.otu1425,-3.158868141,-0.005297337,-0.027916459,0.015356038,0.003089759,0.031530984,0.012101018,0.002804663,k:Bacteria,p:Chloroflexi,c:TK17,NA,NA,NA,NA
centroid.otu1431,-3.147708307,0.013230221,0.099838806,-0.06550407,-0.040562005,-0.056479451,-0.058823893,0.020280781,k:Bacteria,p:Planctomycetes,c:Phycisphaerae,o:CPla-3,NA,NA,NA
centroid.otu1434,-3.138564446,-0.168671893,-0.058389589,0.189524313,0.014863603,0.087611808,-0.079965716,0.057060856,k:Bacteria,p:Verrucomicrobia,c:[Spartobacteria],o:[Chthoniobacterales],f:[Chthoniobacteraceae],NA,NA
centroid.otu1437,-3.261277249,0.096398988,0.111784456,0.257352945,0.013900687,0.07348904,0.045405194,0.080024802,k:Bacteria,p:Acidobacteria,c:Acidobacteria-6,o:iii1-15,NA,NA,NA
centroid.otu1446,-2.986426538,-0.059110763,-0.110326422,0.087457341,-0.086073731,-0.131590413,-0.152697735,0.042275662,k:Bacteria,p:Chloroflexi,c:Anaerolineae,o:SBR1031,f:A4b,NA,NA
centroid.otu1475,-2.808956496,-0.181651131,-0.054798417,0.029447329,-0.238015522,-0.12466732,-0.311173264,0.04976785,k:Bacteria,p:Actinobacteria,c:Actinobacteria,o:Actinomycetales,NA,NA,NA
centroid.otu1491,-2.854472634,-0.06147114,-0.060046673,-0.273873434,-0.222413642,-0.220852048,-0.350126027,0.035704458,k:Bacteria,p:Planctomycetes,c:Planctomycetia,o:Planctomycetales,f:Planctomycetaceae,g:Planctomyces,NA
centroid.otu15,-1.898527121,0.033036137,-0.05760057,-0.156124034,-0.064171901,-0.186354499,-0.116926826,0.086734327,k:Bacteria,p:Acidobacteria,c:[Chloracidobacteria],o:RB41,f:Ellin6075,NA,NA
centroid.otu1503,-3.221895659,-0.02016287,0.099273791,0.039433512,-0.013509581,0.021333625,0.025191482,0.02208108,k:Bacteria,p:Acidobacteria,c:Acidobacteria-6,o:iii1-15,NA,NA,NA
centroid.otu1505,-3.157454143,0.028317695,0.006632645,-0.058843287,-0.00604168,-0.042436989,-0.013152891,0.006992067,k:Bacteria,p:Actinobacteria,c:Acidimicrobiia,o:Acidimicrobiales,NA,NA,NA
centroid.otu152,-2.706617005,-0.031268684,0.022669415,-0.048973494,0.014363685,0.069966328,-0.01719851,0.017355827,k:Bacteria,p:Acidobacteria,c:Acidobacteria-6,o:iii1-15,f:mb2424,NA,NA
centroid.otu1523,-3.305344847,0.146444756,0.253545287,0.084444506,0.112812076,-0.032915308,-0.010206811,0.060629259,k:Bacteria,p:WS3,c:PRR-12,o:Sediment-1,NA,NA,NA
centroid.otu1524,-3.194962086,0.00777292,0.035739271,0.063215494,-0.004439497,0.038518529,-0.02391134,0.011079756,k:Bacteria,p:Actinobacteria,c:Acidimicrobiia,o:Acidimicrobiales,f:C111,NA,NA
centroid.otu1529,-3.145331585,-0.108240169,-0.004108293,-0.0037504,0.104157393,-0.015073149,-0.008707422,0.032348248,k:Bacteria,p:Armatimonadetes,c:[Fimbriimonadia],o:[Fimbriimonadales],f:[Fimbriimonadaceae],g:Fimbriimonas,NA
centroid.otu153,-2.767669041,-0.02976941,0.043048163,0.042767,0.137752817,-0.035648877,-0.064657413,0.050613561,k:Bacteria,p:Planctomycetes,c:Phycisphaerae,o:WD2101,NA,NA,NA
centroid.otu1541,-3.134744719,0.149210567,0.02523828,-0.130076038,-0.141181551,-0.106597106,-0.163947663,0.067471498,k:Bacteria,p:Planctomycetes,c:Planctomycetia,o:Pirellulales,f:Pirellulaceae,NA,NA
centroid.otu1549,-3.280090679,0.009806374,0.027285282,0.104107464,0.234034017,0.124392056,0.192495937,0.035705134,k:Bacteria,p:Actinobacteria,c:Actinobacteria,o:Actinomycetales,f:Nocardioidaceae,NA,NA
centroid.otu1572,-3.07484722,-0.051682985,-0.024126924,0.039691127,-0.136006688,-0.038396683,-0.118068119,0.026940409,k:Bacteria,p:Acidobacteria,c:Sva0725,o:Sva0725,NA,NA,NA
centroid.otu1579,-3.063864495,0.141691336,0.097199896,-0.169336461,-0.266799198,-0.150302513,-0.239309602,0.066505368,k:Bacteria,p:Acidobacteria,c:Acidobacteria-6,o:iii1-15,NA,NA,NA
centroid.otu1580,-3.288002834,0.037349388,0.155215659,0.193606863,0.019631666,0.010000391,0.025862288,0.077994119,k:Bacteria,p:Gemmatimonadetes,NA,NA,NA,NA,NA
centroid.otu1597,-3.130297132,-0.103308182,-0.060745236,-0.06855476,0.145584276,-0.023902133,-0.117869595,0.083035906,k:Bacteria,p:Verrucomicrobia,c:[Spartobacteria],o:[Chthoniobacterales],f:[Chthoniobacteraceae],NA,NA
centroid.otu1603,-3.248913325,-0.009950697,0.10464753,-0.001761369,0.272168353,-0.042380224,-0.023964813,0.065075059,k:Bacteria,p:BRC1,c:PRR-11,NA,NA,NA,NA
centroid.otu1624,-3.060743575,-0.072885793,0.083192583,-0.0472361,0.094030955,0.054913654,0.049549012,0.011448905,k:Bacteria,p:Actinobacteria,c:Actinobacteria,o:Actinomycetales,f:Microbacteriaceae,NA,NA
centroid.otu1634,-3.189499782,0.11544703,0.071912375,0.108838568,-0.080736854,0.021629195,-0.013547237,0.026066828,k:Bacteria,p:Planctomycetes,c:Planctomycetia,o:Planctomycetales,f:Planctomycetaceae,g:Planctomyces,NA
centroid.otu1635,-3.130168986,-0.12234823,-0.052040065,0.101516948,-0.019781249,0.133980981,0.126492266,0.043955512,k:Bacteria,p:Bacteroidetes,c:Cytophagia,o:Cytophagales,f:Cytophagaceae,NA,NA
centroid.otu1639,-3.159587671,0.035394965,0.080187317,0.074592988,0.047296952,-0.017658534,-0.045815847,0.01587254,k:Bacteria,p:Bacteroidetes,c:[Saprospirae],o:[Saprospirales],f:Chitinophagaceae,NA,NA
centroid.otu1648,-3.123486145,0.004361711,-0.12149718,0.020886172,0.326270243,0.033081322,0.126987524,0.044088821,k:Bacteria,p:Actinobacteria,c:Actinobacteria,o:Actinomycetales,f:Promicromonosporaceae,g:Cellulosimicrobium,NA
centroid.otu1649,-3.087008224,-0.334994139,-0.221940441,0.239445177,0.494218648,0.705113081,0.103461512,0.082892725,k:Bacteria,p:Proteobacteria,c:Deltaproteobacteria,o:Myxococcales,f:Myxococcaceae,g:Myxococcus,NA
centroid.otu166,-2.65065105,0.018342557,0.069903587,-0.095809318,-0.198091121,-0.103080842,-0.033244427,0.040835416,k:Bacteria,p:Proteobacteria,c:Alphaproteobacteria,o:Sphingomonadales,f:Sphingomonadaceae,g:Kaistobacter,NA
centroid.otu1662,-3.034272166,0.069800164,0.053849355,-0.145557532,-0.157110531,-0.202225516,-0.06751874,0.021186997,k:Bacteria,p:Proteobacteria,c:Alphaproteobacteria,o:Rhizobiales,f:Rhodobiaceae,g:Afifella,NA
centroid.otu1669,-3.219096009,-0.047224609,0.022410343,0.091433857,0.233741169,0.220867973,0.09182391,0.035872089,k:Bacteria,p:Actinobacteria,c:Acidimicrobiia,o:Acidimicrobiales,NA,NA,NA
centroid.otu167,-2.723278213,-0.075378724,-0.107820657,0.140847885,-0.007499341,0.093607576,0.034478283,0.048650062,k:Bacteria,p:Proteobacteria,c:Betaproteobacteria,o:MND1,NA,NA,NA
centroid.otu1675,-3.197379722,-0.004085883,0.036142126,0.037061349,0.099981148,-0.010298858,0.009322002,0.014297486,k:Bacteria,p:Bacteroidetes,c:[Rhodothermi],o:[Rhodothermales],f:Rhodothermaceae,g:Rubricoccus,NA
centroid.otu1679,-2.888731949,-0.011295884,0.046145388,-0.090039558,-0.248671261,-0.411313407,-0.180890416,0.035054514,k:Bacteria,p:Bacteroidetes,c:Sphingobacteriia,o:Sphingobacteriales,f:Sphingobacteriaceae,g:Pedobacter,NA
centroid.otu1686,-3.202284761,0.09663691,0.050144876,0.029469923,-0.031436936,-0.029175828,0.045153705,0.018233036,k:Bacteria,p:Proteobacteria,c:Alphaproteobacteria,o:Sphingomonadales,f:Sphingomonadaceae,g:Kaistobacter,NA
centroid.otu1688,-2.800963167,-0.275606233,-0.26759996,-0.376149614,0.303518834,0.289759156,0.049214412,0.046122003,k:Bacteria,p:Proteobacteria,c:Betaproteobacteria,NA,NA,NA,NA
centroid.otu1694,-3.147484293,0.036445256,-0.010159992,0.104372181,-0.156853018,-0.079470884,-0.095988482,0.075015725,k:Bacteria,p:Planctomycetes,c:Planctomycetia,o:Gemmatales,f:Gemmataceae,g:Gemmata,NA
centroid.otu170,-2.60589863,0.023450263,0.013002776,-0.102170541,-0.222824808,-0.127698184,-0.017322671,0.050886684,k:Bacteria,p:Proteobacteria,c:Gammaproteobacteria,o:Xanthomonadales,f:Sinobacteraceae,NA,NA
centroid.otu1710,-3.196978391,0.112178718,0.089957195,-0.115810851,-0.094933577,-0.132734361,-0.039162711,0.03351311,k:Bacteria,p:Verrucomicrobia,c:[Pedosphaerae],o:[Pedosphaerales],f:Ellin517,NA,NA
centroid.otu1724,-3.067220177,-0.017908128,-0.120906137,-0.030357746,0.054697051,-0.016133578,-0.062268424,0.017998273,k:Bacteria,p:Proteobacteria,c:Deltaproteobacteria,o:Myxococcales,NA,NA,NA
centroid.otu1728,-3.224033207,-0.04701302,-0.041595467,0.032671606,0.078651955,0.074739635,0.05628781,0.01421297,k:Bacteria,p:Gemmatimonadetes,c:Gemmatimonadetes,o:Gemmatimonadales,f:Gemmatimonadaceae,g:Gemmatimonas,NA
centroid.otu1737,-3.008681309,-0.065528992,0.037452143,-0.170395887,-0.1882186,-0.188615766,-0.224041042,0.040773946,k:Bacteria,p:Proteobacteria,c:Deltaproteobacteria,o:NB1-j,NA,NA,NA
centroid.otu1747,-3.163591843,-0.004761894,-0.031250369,-0.043347763,-0.02106721,0.086012711,0.065025262,0.026135137,k:Bacteria,p:Chloroflexi,c:Gitt-GS-136,NA,NA,NA,NA
centroid.otu1757,-3.221478866,0.041298772,0.0107606,0.132995472,-0.034540767,0.089119354,0.132696876,0.019655497,k:Bacteria,p:Actinobacteria,c:Actinobacteria,o:Actinomycetales,f:Propionibacteriaceae,g:Microlunatus,NA
centroid.otu177,-2.661215759,0.005065383,-0.099240041,0.031673613,-0.046401783,0.139788485,0.102414071,0.049579865,k:Bacteria,p:Actinobacteria,c:Actinobacteria,o:Actinomycetales,f:Propionibacteriaceae,NA,NA
centroid.otu179,-2.763507247,-0.154551493,0.064233156,-0.087975601,0.050955955,0.203642908,-0.061892595,0.128324506,k:Bacteria,p:Acidobacteria,c:Acidobacteria-6,o:iii1-15,NA,NA,NA
centroid.otu1799,-3.122185736,0.027245456,-0.077758846,-0.050624243,0.174181176,0.12988155,0.136419084,0.037129444,k:Bacteria,p:Bacteroidetes,c:Cytophagia,o:Cytophagales,f:Cytophagaceae,NA,NA
centroid.otu1806,-3.320225781,0.155967027,-0.058575453,0.185771665,0.278955061,0.113072731,0.197370554,0.045668953,k:Bacteria,p:Chloroflexi,c:Ellin6529,NA,NA,NA,NA
centroid.otu181,-2.732328077,0.121910244,0.068117092,0.003648737,-0.162434998,-0.172324008,-0.037993943,0.063519572,k:Bacteria,p:Proteobacteria,c:Gammaproteobacteria,o:Xanthomonadales,f:Xanthomonadaceae,NA,NA
centroid.otu1813,-3.133311692,0.080618304,-0.033607881,-0.016695822,0.040245281,-0.03748535,-0.048991436,0.011952744,k:Bacteria,p:Planctomycetes,c:Planctomycetia,o:Gemmatales,f:Gemmataceae,g:Gemmata,NA
centroid.otu1814,-3.20706221,0.02054234,0.031847578,0.078759397,0.139462012,0.058549352,0.013951009,0.015580436,k:Bacteria,p:Bacteroidetes,c:Cytophagia,o:Cytophagales,f:Cytophagaceae,NA,NA
centroid.otu182,-2.766952056,-0.10737371,-0.087037025,0.244390846,0.156309876,0.081637487,0.145381505,0.067140785,k:Bacteria,p:Acidobacteria,c:Acidobacteria-6,o:iii1-15,f:mb2424,NA,NA
centroid.otu184,-2.680250744,0.088642396,0.024440707,-0.17410541,-0.165470395,0.000107324,-0.164608219,0.080514395,k:Bacteria,p:Actinobacteria,c:Thermoleophilia,o:Gaiellales,f:Gaiellaceae,NA,NA
centroid.otu1848,-3.191204502,-0.047475687,0.000288401,0.110718505,0.308929388,-0.00119933,-0.048531411,0.065382627,k:Bacteria,p:Proteobacteria,c:Deltaproteobacteria,o:Myxococcales,NA,NA,NA
centroid.otu1857,-3.26034026,0.073615987,0.007327422,0.049397891,0.103683036,0.037267452,-0.050204391,0.033870771,k:Bacteria,p:Actinobacteria,c:Acidimicrobiia,o:Acidimicrobiales,f:C111,NA,NA
centroid.otu1873,-3.103516364,-0.092824045,-0.1369047,0.007248283,-0.092545728,0.047709887,-0.013299571,0.027099867,k:Bacteria,p:Planctomycetes,c:Phycisphaerae,o:WD2101,NA,NA,NA
centroid.otu1881,-3.295267062,0.00379509,0.015000791,0.150018117,0.045732927,0.111955508,0.150907784,0.038997803,k:Bacteria,p:Acidobacteria,c:Solibacteres,o:Solibacterales,NA,NA,NA
centroid.otu1893,-3.160183902,-0.03782073,-0.053423219,0.177617455,0.152521843,0.108941642,0.068021755,0.019056033,k:Bacteria,p:Chloroflexi,c:Anaerolineae,o:H39,NA,NA,NA
centroid.otu1899,-3.17622335,0.10360361,-0.007066324,0.312235667,-0.099527666,-0.005308465,-0.11881897,0.112631904,k:Bacteria,p:Planctomycetes,c:Planctomycetia,o:Gemmatales,f:Isosphaeraceae,NA,NA
centroid.otu191,-2.759332155,-0.062688881,0.110422406,-0.109542562,0.02049144,-0.023898559,-0.142429734,0.068118359,k:Bacteria,p:Planctomycetes,c:Phycisphaerae,o:WD2101,NA,NA,NA
centroid.otu192,-2.870989609,0.14607081,0.02098627,0.157282835,0.041231999,0.021063482,0.055995001,0.06271619,k:Bacteria,p:Bacteroidetes,c:Cytophagia,o:Cytophagales,f:Cytophagaceae,NA,NA
centroid.otu1923,-3.396752592,0.136478068,0.120848416,0.086491068,0.061615226,0.089679069,0.189487378,0.040580854,k:Bacteria,p:Planctomycetes,c:Phycisphaerae,o:WD2101,NA,NA,NA
centroid.otu1925,-3.158866894,-0.132865651,-0.081105661,0.153782574,0.079364576,0.071775361,0.052822182,0.028977075,k:Bacteria,p:Nitrospirae,c:Nitrospira,o:Nitrospirales,f:0319-6A21,NA,NA
centroid.otu1938,-3.20155545,-0.013035027,0.044685472,-0.029433183,-0.04716206,0.155521161,0.038904621,0.031454526,k:Bacteria,p:Chloroflexi,c:Thermomicrobia,o:JG30-KF-CM45,NA,NA,NA
centroid.otu194,-2.757757885,-0.169962757,-0.105298141,0.048495107,0.083228403,0.022661986,-0.025064288,0.051859744,k:Bacteria,p:Acidobacteria,c:Acidobacteria-6,o:iii1-15,NA,NA,NA
centroid.otu195,-2.898062187,0.070186116,-0.03290725,-0.02791569,0.117163396,0.136282783,0.094548888,0.058028356,k:Bacteria,p:Acidobacteria,c:Acidobacteria-6,o:iii1-15,NA,NA,NA
centroid.otu196,-2.619842692,0.031447481,-0.028244355,-0.026325787,-0.267076879,-0.108782719,-0.150938445,0.07267039,k:Bacteria,p:Acidobacteria,c:[Chloracidobacteria],o:RB41,f:Ellin6075,NA,NA
centroid.otu1969,-3.088574048,0.009094903,-0.031242113,-0.043888342,-0.117240997,-0.11155527,-0.059542422,0.014291805,k:Bacteria,p:Bacteroidetes,c:[Saprospirae],o:[Saprospirales],f:Chitinophagaceae,NA,NA
centroid.otu1986,-3.130304704,0.093622827,-0.051198074,0.051528914,0.012868061,-0.120873225,-0.114952057,0.047358652,k:Bacteria,p:Gemmatimonadetes,c:Gemmatimonadetes,o:Gemmatimonadales,f:Ellin5301,NA,NA
centroid.otu2021,-3.280110821,0.151935579,0.022013942,0.218550226,0.254773936,-0.107389285,-0.022972999,0.065599811,k:Bacteria,p:Proteobacteria,c:Gammaproteobacteria,o:Xanthomonadales,f:Sinobacteraceae,NA,NA
centroid.otu205,-2.723393144,-0.019495053,-0.067177813,-0.092111752,0.01497407,0.045802165,-0.073886192,0.025569272,k:Bacteria,p:Planctomycetes,c:Planctomycetia,o:Gemmatales,f:Gemmataceae,NA,NA
centroid.otu207,-2.869809261,0.055488097,-0.032708677,0.020849561,0.085958565,0.037675777,0.05409962,0.01648723,k:Bacteria,p:Acidobacteria,c:Acidobacteria-6,o:iii1-15,NA,NA,NA
centroid.otu2073,-3.122358362,-0.0704605,-0.171495352,0.060198321,0.120079394,0.133851206,0.063347654,0.04576569,k:Bacteria,p:Proteobacteria,c:Alphaproteobacteria,o:Rhodospirillales,NA,NA,NA
centroid.otu2087,-3.289542366,-0.044909636,0.028712246,0.079551436,0.290063695,0.092015598,0.133745405,0.043447163,k:Bacteria,p:Bacteroidetes,c:Cytophagia,o:Cytophagales,f:Cytophagaceae,NA,NA
centroid.otu211,-2.824449422,0.038709736,0.040702317,-0.067301658,-0.003444244,0.037727779,-0.028095979,0.014822805,k:Bacteria,p:Acidobacteria,c:[Chloracidobacteria],o:11-24,NA,NA,NA
centroid.otu2162,-2.978576113,0.190397853,0.089807295,-0.080106834,-0.138402527,0.002191812,-0.377834506,0.029814856,k:Bacteria,p:Proteobacteria,c:Deltaproteobacteria,o:Myxococcales,NA,NA,NA
centroid.otu218,-2.88285064,0.041772614,0.049019656,-0.019612763,0.177649197,0.088777423,0.059579699,0.037768182,k:Bacteria,p:Planctomycetes,c:Phycisphaerae,o:WD2101,NA,NA,NA
centroid.otu221,-2.737797103,-0.096746281,-0.055053794,-0.034050463,0.040476763,-0.123885104,-0.178974093,0.065496892,k:Bacteria,p:Planctomycetes,c:Planctomycetia,o:Pirellulales,f:Pirellulaceae,NA,NA
centroid.otu223,-2.74420386,-0.010296545,-0.032893809,-0.082450944,-0.046965405,0.079875052,0.089131779,0.03799433,k:Bacteria,p:Actinobacteria,c:Actinobacteria,o:Actinomycetales,f:Nocardioidaceae,NA,NA
centroid.otu224,-2.793788266,-0.038117539,-0.002350226,0.05797737,0.025337112,-0.033047928,-0.068434611,0.018008023,k:Bacteria,p:Planctomycetes,c:Phycisphaerae,o:WD2101,NA,NA,NA
centroid.otu227,-3.004182947,0.136200538,0.005699782,0.173501384,0.127014022,0.27673723,0.074791618,0.102752967,k:Bacteria,p:Proteobacteria,c:Alphaproteobacteria,o:Rhodospirillales,NA,NA,NA
centroid.otu248,-2.81461519,0.022049491,0.097236873,-0.02864728,0.000255596,-0.101680779,-0.023809885,0.026834542,k:Bacteria,p:Verrucomicrobia,c:[Spartobacteria],o:[Chthoniobacterales],f:[Chthoniobacteraceae],NA,NA
centroid.otu249,-2.814176005,0.040405959,0.038565383,0.068114197,-0.120272847,-0.020109826,-0.061899077,0.034181538,k:Bacteria,p:Actinobacteria,c:Acidimicrobiia,o:Acidimicrobiales,f:C111,NA,NA
centroid.otu253,-2.856853269,0.050545157,-0.074037446,0.009560189,-0.036888104,0.021373195,-0.083557198,0.028760703,k:Bacteria,p:Acidobacteria,c:Acidobacteria-6,o:iii1-15,f:mb2424,NA,NA
centroid.otu258,-2.913469037,0.113355414,0.049522377,0.105740381,0.10433002,0.075154545,0.059809977,0.033783724,k:Bacteria,p:Armatimonadetes,c:0319-6E2,NA,NA,NA,NA
centroid.otu26,-2.297818377,0.070189031,0.013517682,0.028931704,0.159265598,0.070791493,0.017543658,0.051579412,k:Bacteria,p:Acidobacteria,c:Acidobacteria-6,o:iii1-15,NA,NA,NA
centroid.otu267,-2.831237672,-0.057613341,-0.100819399,0.006015432,0.048942476,-0.032806979,0.005518314,0.01631423,k:Bacteria,p:Acidobacteria,c:Acidobacteria-6,o:iii1-15,NA,NA,NA
centroid.otu269,-2.944709925,-0.035041166,0.05353024,0.099244366,0.199267405,0.083016931,0.046997389,0.047632665,k:Bacteria,p:Planctomycetes,c:Planctomycetia,o:Gemmatales,f:Isosphaeraceae,NA,NA
centroid.otu274,-2.779256679,-0.046222802,-0.097767743,-0.047275725,-0.011083347,0.007817467,-0.09012135,0.019540771,k:Bacteria,p:Acidobacteria,c:Acidobacteria-6,o:iii1-15,f:RB40,NA,NA
centroid.otu277,-2.991910658,-0.01892625,0.033497968,0.090435174,0.180258108,0.115563251,0.115627654,0.033098547,k:Bacteria,p:Planctomycetes,c:Phycisphaerae,o:WD2101,NA,NA,NA
centroid.otu278,-2.852915868,-0.067072039,-0.078783911,-0.079742235,0.040977887,-0.004773363,-0.008960506,0.026487474,k:Bacteria,p:Acidobacteria,c:Acidobacteria-6,o:iii1-15,f:RB40,NA,NA
centroid.otu280,-2.825139126,0.076525028,0.05359305,-0.095366185,-0.094653485,-0.02537964,-0.025728394,0.021834333,k:Bacteria,p:Proteobacteria,c:Betaproteobacteria,o:SC-I-84,NA,NA,NA
centroid.otu283,-2.787604586,0.014451158,-0.035406945,-0.095350488,-0.042055918,-0.098775251,-0.201765007,0.042356802,k:Bacteria,p:Acidobacteria,c:Acidobacteria-6,o:iii1-15,NA,NA,NA
centroid.otu289,-2.810283581,0.009057745,0.081094408,-0.105205902,-0.069372021,-0.145481387,-0.012278655,0.035633446,k:Bacteria,p:WS2,c:SHA-109,NA,NA,NA,NA
centroid.otu298,-2.910382239,0.053289443,0.060814096,0.05146127,0.009945808,0.013198683,0.041151317,0.008250246,k:Bacteria,p:Chloroflexi,c:Anaerolineae,o:SBR1031,f:A4b,NA,NA
centroid.otu302,-2.861577575,-0.072486046,-0.016932028,-0.011727835,-0.054425532,0.056560488,-0.010442627,0.018947901,k:Bacteria,p:Acidobacteria,c:Acidobacteria-6,o:iii1-15,NA,NA,NA
centroid.otu307,-2.658191951,-0.140723453,0.026405687,-0.138067749,-0.141735805,-0.251354165,-0.149798998,0.083904006,k:Bacteria,p:Acidobacteria,c:Acidobacteria-6,o:iii1-15,NA,NA,NA
centroid.otu308,-2.87936116,-0.03895088,0.049703114,-0.069310129,-0.11098398,0.082075391,-0.094435808,0.056136848,k:Bacteria,p:Acidobacteria,c:Acidobacteria-6,o:iii1-15,NA,NA,NA
centroid.otu314,-2.878688573,-0.024163585,-0.10965607,0.05475275,0.054000902,-0.039257802,-0.009625106,0.019693691,k:Bacteria,p:Acidobacteria,c:Acidobacteria-6,o:iii1-15,f:RB40,NA,NA
centroid.otu315,-2.816788455,-0.139525675,-0.171477143,-0.061611022,0.095754511,0.146459291,0.051332111,0.074803797,k:Bacteria,p:Planctomycetes,c:Planctomycetia,o:Planctomycetales,f:Planctomycetaceae,g:Planctomyces,NA
centroid.otu321,-2.944317426,-0.004583716,-0.0549218,0.078587624,0.13615042,0.010478662,0.16994256,0.04528989,k:Bacteria,p:Chloroflexi,c:TK10,o:AKYG885,f:Dolo_23,NA,NA
centroid.otu325,-2.864512891,0.038868465,-0.008607945,-0.038315871,0.017985329,0.115729367,0.072025758,0.020307326,k:Bacteria,p:Proteobacteria,c:Deltaproteobacteria,o:Myxococcales,f:Nannocystaceae,g:Nannocystis,NA
centroid.otu329,-2.893861928,-0.050474442,-0.115819923,0.073416762,0.077064036,-0.014193709,-0.024870289,0.030429834,k:Bacteria,p:Planctomycetes,c:Planctomycetia,o:Gemmatales,f:Gemmataceae,NA,NA
centroid.otu331,-2.951723967,0.040425852,0.054162236,-0.069834437,-0.023115998,0.028338926,-0.101508342,0.02046865,k:Bacteria,p:Planctomycetes,c:Planctomycetia,o:Pirellulales,f:Pirellulaceae,NA,NA
centroid.otu343,-2.806738921,0.040903619,-0.085641899,-0.020954081,-0.008670323,-0.011478383,-0.101701807,0.03013816,k:Bacteria,p:Actinobacteria,c:Actinobacteria,o:Actinomycetales,f:Nocardioidaceae,NA,NA
centroid.otu346,-2.845492256,-0.024204593,-0.02790065,0.207758643,-0.064058669,-0.066238507,-0.030364951,0.069652465,k:Bacteria,p:Actinobacteria,c:Actinobacteria,o:Actinomycetales,f:Streptomycetaceae,g:Streptomyces,NA
centroid.otu353,-2.879158846,0.033960448,0.037021952,0.05669775,-0.175128705,-0.022050843,-0.109859748,0.054151482,k:Bacteria,p:Actinobacteria,c:Actinobacteria,o:Actinomycetales,f:Pseudonocardiaceae,g:Pseudonocardia,NA
centroid.otu361,-2.849203697,-0.049123093,-0.162659016,0.013398104,0.037111027,0.078833113,0.00035506,0.045441318,k:Bacteria,p:Acidobacteria,c:Acidobacteria-6,o:iii1-15,NA,NA,NA
centroid.otu366,-2.920052625,-0.049880148,0.015342824,-0.011935818,0.19503495,0.048406766,0.074040138,0.050135875,k:Bacteria,p:Planctomycetes,c:Planctomycetia,o:Planctomycetales,f:Planctomycetaceae,g:Planctomyces,NA
centroid.otu370,-2.916222408,0.008723934,0.013775471,0.044309965,-0.089461954,-0.016761126,-0.05519984,0.018784718,k:Bacteria,p:Proteobacteria,c:Gammaproteobacteria,o:Xanthomonadales,f:Xanthomonadaceae,g:Lysobacter,NA
centroid.otu374,-2.998063669,0.09197317,0.137136911,-0.053979697,0.036558754,0.016620855,-0.002091921,0.035028814,k:Bacteria,p:Planctomycetes,c:Planctomycetia,o:Planctomycetales,f:Planctomycetaceae,g:Planctomyces,NA
centroid.otu385,-2.880431484,0.097762985,0.008075981,-0.015715429,-0.134817911,-0.173260891,-0.02115494,0.051140728,k:Bacteria,p:Bacteroidetes,c:[Saprospirae],o:[Saprospirales],f:Chitinophagaceae,NA,NA
centroid.otu39,-2.333269015,-0.017917841,-0.006392353,0.14687709,0.124107237,0.173452961,0.092340584,0.035463305,k:Bacteria,p:Chloroflexi,c:Gitt-GS-136,NA,NA,NA,NA
centroid.otu395,-2.867079535,-0.037870739,-0.030446564,0.034443415,-0.004307319,-0.100378939,0.038245912,0.019419633,k:Bacteria,p:Proteobacteria,c:Alphaproteobacteria,o:Rhizobiales,f:Hyphomicrobiaceae,g:Pedomicrobium,NA
centroid.otu4,-1.500196958,0.059933503,0.072803357,0.031264047,-0.076412401,0.010558588,0.012350049,0.042559764,k:Bacteria,p:Actinobacteria,c:Actinobacteria,o:Actinomycetales,f:Geodermatophilaceae,NA,NA
centroid.otu400,-2.940319182,0.040621832,-0.018674108,-0.012532382,-0.126361011,-0.050769363,-0.036275027,0.021115274,k:Bacteria,p:Acidobacteria,c:[Chloracidobacteria],o:DS-100,NA,NA,NA
centroid.otu401,-2.954351785,0.077165422,0.037188989,0.019579223,-0.047677089,0.058890098,-0.020358455,0.020432526,k:Bacteria,p:Proteobacteria,c:Alphaproteobacteria,o:Rhizobiales,NA,NA,NA
centroid.otu403,-3.040504536,0.122693428,0.131389474,0.007331402,-0.031496642,0.056945918,0.074351054,0.040442335,k:Bacteria,p:Actinobacteria,c:Actinobacteria,o:Actinomycetales,f:Micromonosporaceae,NA,NA
centroid.otu416,-2.895538299,-0.028407204,-0.057553583,-0.004086236,-0.07233132,0.044289537,0.238309858,0.082699329,k:Bacteria,p:Gemmatimonadetes,c:Gemmatimonadetes,o:N1423WL,NA,NA,NA
centroid.otu423,-2.867491258,-0.087252183,-0.039408091,-0.063103436,0.043010081,-0.153155168,-0.196456106,0.069226951,k:Bacteria,p:WS3,c:PRR-12,o:Sediment-1,NA,NA,NA
centroid.otu427,-3.0567901,0.077988107,0.125750615,0.134355382,0.128884606,0.053875368,0.082079719,0.035364304,k:Bacteria,p:Actinobacteria,c:Acidimicrobiia,o:Acidimicrobiales,f:C111,NA,NA
centroid.otu428,-3.115090378,-0.00870136,0.108989388,-0.005959793,0.240542502,0.051528204,0.052097633,0.104703517,k:Bacteria,p:Planctomycetes,c:Phycisphaerae,o:WD2101,NA,NA,NA
centroid.otu432,-2.972242724,0.010868774,0.0129585,0.051801943,-0.027752799,0.022201827,-0.013033452,0.005931947,k:Bacteria,p:Planctomycetes,c:Phycisphaerae,o:WD2101,NA,NA,NA
centroid.otu435,-2.946435323,-0.022251871,0.091242748,-0.038801255,-0.033582055,-0.036758397,-0.059481485,0.021515648,k:Bacteria,p:Acidobacteria,c:[Chloracidobacteria],NA,NA,NA,NA
centroid.otu439,-2.983392856,-0.073276761,-0.028550735,0.058356018,-0.010541832,-0.058567059,-0.052965607,0.021337045,k:Bacteria,p:Planctomycetes,c:Phycisphaerae,o:WD2101,NA,NA,NA
centroid.otu441,-3.093822695,0.00129521,-0.0233833,0.067665276,0.277305156,-0.084451302,0.202348628,0.136312511,k:Bacteria,p:Planctomycetes,c:Planctomycetia,o:Gemmatales,f:Gemmataceae,g:Gemmata,NA
centroid.otu449,-3.059472297,0.059105667,0.134245813,0.068772746,0.088576033,0.053782048,-0.047747563,0.053346328,k:Bacteria,p:Proteobacteria,c:Alphaproteobacteria,o:Rhizobiales,f:Hyphomicrobiaceae,NA,NA
centroid.otu45,-2.292288088,0.041121156,0.064725859,-0.001963162,-0.141256683,-0.061415437,0.026822699,0.045726011,k:Bacteria,p:Acidobacteria,c:[Chloracidobacteria],o:RB41,NA,NA,NA
centroid.otu450,-2.905012995,-0.001302317,-0.055761071,-0.056642335,-0.112375073,0.090325936,-0.15818814,0.061988605,k:Bacteria,p:Chloroflexi,c:Ellin6529,NA,NA,NA,NA
centroid.otu457,-3.026836194,0.025728397,0.056554075,0.041991568,0.157437755,0.114247823,-0.048426662,0.050274524,k:Bacteria,p:Actinobacteria,c:Actinobacteria,o:Actinomycetales,f:Intrasporangiaceae,NA,NA
centroid.otu459,-3.011741648,-0.054463598,0.014759489,0.042610027,0.085192218,0.028430437,-0.028448111,0.020592395,k:Bacteria,p:Acidobacteria,c:Acidobacteria-6,o:iii1-15,NA,NA,NA
centroid.otu469,-2.871425223,-0.056189469,-0.120380443,-0.028175606,-0.123940659,-0.114006031,0.004240419,0.038968984,k:Bacteria,p:Actinobacteria,c:Acidimicrobiia,o:Acidimicrobiales,NA,NA,NA
centroid.otu471,-2.715285702,-0.163355163,-0.220396672,0.110064515,-0.01448564,-0.076334089,-0.080841871,0.039397377,k:Bacteria,p:Verrucomicrobia,c:Verrucomicrobiae,o:Verrucomicrobiales,f:Verrucomicrobiaceae,g:Luteolibacter,NA
centroid.otu473,-2.939287286,0.056077627,-0.017588568,-0.010088846,-0.100194255,0.053610508,0.038866749,0.033801391,k:Bacteria,p:Acidobacteria,c:[Chloracidobacteria],o:RB41,f:Ellin6075,NA,NA
centroid.otu474,-2.916480624,0.024254399,-0.036314735,-0.033283316,-0.137958769,-0.093762749,-0.087693025,0.025852892,k:Bacteria,p:Proteobacteria,c:Alphaproteobacteria,o:Rhizobiales,f:Bradyrhizobiaceae,NA,NA
centroid.otu483,-3.016028711,0.022692108,-0.050285877,0.066172023,0.072558221,0.006721016,-0.009292554,0.016104755,k:Bacteria,p:Acidobacteria,c:[Chloracidobacteria],o:RB41,f:Ellin6075,NA,NA
centroid.otu488,-3.099655678,-0.067251091,-0.027751314,0.318140061,0.179273015,0.24327762,0.178890753,0.094608449,k:Bacteria,p:Acidobacteria,c:S035,NA,NA,NA,NA
centroid.otu489,-2.904024321,-0.08408747,-0.000465577,-0.001857496,-0.046160756,0.091661268,0.110713938,0.038997574,k:Bacteria,p:Nitrospirae,c:Nitrospira,o:Nitrospirales,f:0319-6A21,NA,NA
centroid.otu49,-2.349174315,0.019111456,-0.022505649,0.078660761,0.016955185,0.007242481,-0.044461485,0.017545683,k:Bacteria,p:Acidobacteria,c:Acidobacteria-6,o:iii1-15,NA,NA,NA
centroid.otu495,-2.942248672,-0.058155369,0.028712822,0.031711886,0.029763757,0.072635918,-0.108026629,0.040084102,k:Bacteria,p:Chloroflexi,NA,NA,NA,NA,NA
centroid.otu497,-2.991425191,-0.018221009,0.020278595,-0.071572018,0.018077169,0.056935847,-0.181246194,0.043863392,k:Bacteria,p:Chloroflexi,c:Thermomicrobia,o:JG30-KF-CM45,NA,NA,NA
centroid.otu498,-2.976727399,-0.063054586,0.041195642,0.081962236,-0.031981803,-0.062561905,-0.138412423,0.068870511,k:Bacteria,p:Proteobacteria,c:Betaproteobacteria,NA,NA,NA,NA
centroid.otu505,-3.067205458,0.012692568,-0.028277355,0.280432644,0.288888614,0.067925142,0.022671729,0.093422702,k:Bacteria,p:Proteobacteria,c:Alphaproteobacteria,o:Rhizobiales,f:Hyphomicrobiaceae,NA,NA
centroid.otu509,-3.000714849,0.009137162,-0.026396145,0.113460234,-0.100985215,0.047915883,-0.023538458,0.051419216,k:Bacteria,p:Acidobacteria,c:[Chloracidobacteria],o:RB41,NA,NA,NA
centroid.otu523,-3.09810157,0.024092725,-0.060287753,0.055293554,0.061392813,0.055856211,-0.006701118,0.021964299,k:Bacteria,p:Acidobacteria,c:Acidobacteria-6,o:iii1-15,NA,NA,NA
centroid.otu534,-2.985699143,0.041510835,0.055872296,-0.047246318,-0.024678087,-0.002957994,0.023850608,0.008765477,k:Bacteria,p:Actinobacteria,c:Actinobacteria,o:Actinomycetales,NA,NA,NA
centroid.otu537,-2.827079533,-0.147882675,-0.058909398,-0.006726211,-0.225227918,-0.004075271,-0.072805062,0.070687468,k:Bacteria,p:Actinobacteria,c:Acidimicrobiia,o:Acidimicrobiales,f:Iamiaceae,g:Iamia,NA
centroid.otu544,-3.001324417,0.149829982,0.045492589,-0.038914861,-0.051373518,-0.050500982,-0.105762879,0.032516847,k:Bacteria,p:Acidobacteria,c:Acidobacteria-6,o:iii1-15,f:mb2424,NA,NA
centroid.otu55,-2.428862351,-0.155600466,-0.065177994,0.001439227,0.161352326,0.124832995,-0.019548448,0.084675229,k:Bacteria,p:Planctomycetes,c:Planctomycetia,o:Gemmatales,f:Isosphaeraceae,NA,NA
centroid.otu555,-3.000468543,-0.026759935,0.055817148,0.064015929,0.098716883,-0.02827156,-0.106477499,0.047766727,k:Bacteria,p:Actinobacteria,c:Actinobacteria,o:Actinomycetales,f:Intrasporangiaceae,g:Janibacter,NA
centroid.otu557,-2.936611766,0.013333628,0.026091344,-0.079440617,-0.099832856,-0.179708735,-0.147222916,0.039409679,k:Bacteria,p:Actinobacteria,c:Thermoleophilia,o:Gaiellales,f:Gaiellaceae,NA,NA
centroid.otu559,-3.01496286,0.018030484,0.071971485,0.079691684,-0.047763869,0.064324078,-0.077980632,0.041523605,k:Bacteria,p:Chloroflexi,c:Thermomicrobia,o:JG30-KF-CM45,NA,NA,NA
centroid.otu56,-2.480066083,-0.08836814,-0.065483628,0.015862019,0.125166838,0.065629916,0.042496349,0.028519848,k:Bacteria,p:Planctomycetes,c:Planctomycetia,o:Planctomycetales,f:Planctomycetaceae,g:Planctomyces,NA
centroid.otu562,-3.07451423,-0.087514373,-0.021462033,-0.03725497,0.012665722,0.107856596,-0.043006921,0.04528094,k:Bacteria,p:Planctomycetes,c:Phycisphaerae,o:WD2101,NA,NA,NA
centroid.otu569,-3.07990454,0.123183271,-0.058878701,-0.057588345,0.10521408,-0.068866673,0.038736397,0.078700509,k:Bacteria,p:Planctomycetes,c:Planctomycetia,o:Gemmatales,f:Gemmataceae,g:Gemmata,NA
centroid.otu57,-2.421910081,-0.027034862,-0.039348788,0.238669796,0.002829057,0.043190585,0.021860139,0.087532567,k:Bacteria,p:Acidobacteria,c:Acidobacteria-6,o:iii1-15,f:mb2424,NA,NA
centroid.otu574,-2.990547451,-0.121984863,-0.118779868,0.185027137,0.0319691,0.018191577,0.09849621,0.051093982,k:Bacteria,p:Proteobacteria,c:Deltaproteobacteria,o:Myxococcales,f:Haliangiaceae,NA,NA
centroid.otu577,-3.070936039,0.056167947,0.084615326,0.039684354,-0.040026923,0.107729888,0.190504709,0.070367463,k:Bacteria,p:Actinobacteria,c:Actinobacteria,o:Actinomycetales,f:Intrasporangiaceae,g:Phycicoccus,NA
centroid.otu581,-3.03008532,0.048964419,-0.01583789,0.066126345,0.019665459,0.029460351,-0.012254728,0.011962473,k:Bacteria,p:Acidobacteria,c:[Chloracidobacteria],o:11-24,NA,NA,NA
centroid.otu582,-3.097391109,-0.050845165,0.017662164,0.084684504,0.12775773,0.037239502,0.08922711,0.020994376,k:Bacteria,p:Planctomycetes,c:Phycisphaerae,o:WD2101,NA,NA,NA
centroid.otu588,-2.462947371,-0.199988019,-0.034210139,-0.149322362,-0.45817469,-0.122216191,0.400594447,0.050849697,k:Bacteria,p:Cyanobacteria,c:Oscillatoriophycideae,o:Oscillatoriales,f:Phormidiaceae,g:Phormidium,NA
centroid.otu589,-3.078376074,-0.02322721,0.136050566,0.049345492,-0.069688141,0.149466306,-0.012854439,0.071563382,k:Bacteria,p:Gemmatimonadetes,c:Gemmatimonadetes,NA,NA,NA,NA
centroid.otu600,-3.092677071,0.030062445,0.109175736,-0.149818855,0.027300346,-0.099742506,0.025382049,0.052686684,k:Bacteria,p:Planctomycetes,c:Planctomycetia,o:Planctomycetales,f:Planctomycetaceae,g:Planctomyces,NA
centroid.otu607,-2.975191355,0.011895253,-0.087102731,0.046850237,-0.024940614,-0.100070541,-0.105636402,0.039752116,k:Bacteria,p:Verrucomicrobia,c:[Pedosphaerae],o:[Pedosphaerales],NA,NA,NA
centroid.otu612,-3.005857294,-0.110126038,-0.000699969,0.048516988,0.087643839,-0.036003274,0.116397588,0.038227482,k:Bacteria,p:Chloroflexi,c:Anaerolineae,o:SBR1031,f:A4b,NA,NA
centroid.otu614,-2.944044417,-0.01483703,-0.003572678,-0.091355935,-0.118877208,-0.119912226,-0.078025463,0.016544585,k:Bacteria,p:Acidobacteria,c:Acidobacteria-6,o:iii1-15,NA,NA,NA
centroid.otu619,-3.017132109,-0.085661139,0.062747364,-0.008652958,-0.065155772,0.106184075,-0.055141174,0.04625746,k:Bacteria,p:Bacteroidetes,c:Cytophagia,o:Cytophagales,f:Cytophagaceae,NA,NA
centroid.otu62,-2.454301656,0.049006139,-0.003202464,0.116114543,-0.12869979,0.057162857,0.048845111,0.075578479,k:Bacteria,p:Acidobacteria,c:[Chloracidobacteria],o:RB41,NA,NA,NA
centroid.otu621,-2.832814397,-0.163526383,-0.059914922,-0.078713797,-0.145121045,0.015292306,-0.080580792,0.063959496,k:Bacteria,p:Actinobacteria,c:Acidimicrobiia,o:Acidimicrobiales,NA,NA,NA
centroid.otu627,-3.066395707,0.070158893,0.049598527,0.165830426,-0.000425606,0.022613065,0.070940789,0.028612143,k:Bacteria,p:Proteobacteria,c:Betaproteobacteria,o:Ellin6067,NA,NA,NA
centroid.otu629,-3.066064048,0.117432478,0.04550546,-0.114268745,-0.010877755,-0.097654264,-0.04909532,0.041319434,k:Bacteria,p:Planctomycetes,c:Phycisphaerae,o:WD2101,NA,NA,NA
centroid.otu63,-2.545727941,0.118829357,0.096056671,-0.158881415,0.093844391,-0.086284108,0.000654849,0.110690337,k:Bacteria,p:Planctomycetes,c:Phycisphaerae,o:WD2101,NA,NA,NA
centroid.otu638,-3.051780679,-0.454811212,-0.31862944,0.449992495,0.676567837,0.339712833,0.826649277,0.045433939,k:Bacteria,p:Cyanobacteria,c:Synechococcophycideae,o:Pseudanabaenales,NA,NA,NA
centroid.otu644,-3.106687864,0.059234564,-0.003224213,0.002821156,-0.076629904,0.065078054,0.151354212,0.048025937,k:Bacteria,p:Planctomycetes,c:Planctomycetia,o:Pirellulales,f:Pirellulaceae,NA,NA
centroid.otu651,-3.009991592,0.200725164,0.092050582,-0.019536932,-0.013407304,-0.208509288,0.101694171,0.060458677,k:Bacteria,p:Acidobacteria,c:[Chloracidobacteria],o:RB41,f:Ellin6075,NA,NA
centroid.otu66,-2.550512841,0.029429288,-0.032120853,0.027943083,0.116468043,0.022398801,0.02759208,0.022372299,k:Bacteria,p:Planctomycetes,c:Phycisphaerae,o:WD2101,NA,NA,NA
centroid.otu670,-3.106099035,-0.050841113,0.07365047,0.449437587,0.121555759,0.165251169,0.423272181,0.083755049,k:Bacteria,p:Cyanobacteria,c:Chloroplast,o:Stramenopiles,NA,NA,NA
centroid.otu679,-3.065363725,-0.102012764,-0.043018877,0.08872807,0.011006211,0.080560985,-0.001300594,0.025178784,k:Bacteria,p:Chloroflexi,c:Thermomicrobia,o:JG30-KF-CM45,NA,NA,NA
centroid.otu681,-3.062574374,-0.00965214,0.037883539,0.011949759,0.032828444,-0.041503711,0.05036633,0.008991732,k:Bacteria,p:Planctomycetes,c:Phycisphaerae,o:WD2101,NA,NA,NA
centroid.otu685,-2.896638288,0.016573375,0.215555034,-0.116406642,-0.189179374,-0.248831128,-0.295078453,0.068026085,k:Bacteria,p:Bacteroidetes,c:Cytophagia,o:Cytophagales,f:Cytophagaceae,g:Adhaeribacter,NA
centroid.otu694,-2.939042946,-0.04869065,0.004147843,-0.095926377,-0.01570007,-0.174780254,-0.036630745,0.035292668,k:Bacteria,p:Proteobacteria,c:Alphaproteobacteria,o:Rhodospirillales,NA,NA,NA
centroid.otu711,-3.167917569,-0.036972027,0.239081622,-0.019244589,0.147319098,-0.058465448,0.101055171,0.150284057,k:Bacteria,p:Acidobacteria,c:Acidobacteria-6,o:iii1-15,NA,NA,NA
centroid.otu713,-2.937922135,-0.028842773,0.171077718,-0.19352372,-0.13357571,-0.200612911,-0.125201023,0.062704802,k:Bacteria,p:Acidobacteria,c:Acidobacteria-6,o:iii1-15,f:RB40,NA,NA
centroid.otu719,-3.167450535,0.181106594,0.076332545,0.122418202,-0.020646099,-0.027759298,0.036902391,0.063870646,k:Bacteria,p:Acidobacteria,c:Acidobacteria-6,o:iii1-15,NA,NA,NA
centroid.otu72,-2.522892739,0.110644395,0.066466918,0.077811483,-0.052503309,0.079154569,0.013229082,0.046601618,k:Bacteria,p:Acidobacteria,c:Acidobacteria-6,o:iii1-15,NA,NA,NA
centroid.otu720,-3.058281157,-0.119822407,-0.031758451,0.086759096,0.090805801,0.137156363,0.018518931,0.031972939,k:Bacteria,p:Actinobacteria,c:Thermoleophilia,o:Gaiellales,f:Gaiellaceae,NA,NA
centroid.otu74,-2.420119746,-0.036031144,0.006575784,-0.067547,-0.083001525,0.022924286,-0.165394213,0.042335147,k:Bacteria,p:Actinobacteria,c:Thermoleophilia,o:Gaiellales,f:Gaiellaceae,NA,NA
centroid.otu743,-3.034451015,0.097320068,0.209188587,-0.10806752,-0.09492396,-0.118237037,0.061769574,0.074618109,k:Bacteria,p:Proteobacteria,c:Alphaproteobacteria,o:Sphingomonadales,f:Sphingomonadaceae,g:Kaistobacter,NA
centroid.otu745,-3.069511308,-0.038797679,0.0520243,-0.00856406,0.073820742,-0.043242413,0.032794835,0.022791258,k:Bacteria,p:Acidobacteria,c:Acidobacteria-6,o:iii1-15,NA,NA,NA
centroid.otu746,-2.902699366,0.278810689,-0.207167012,-0.026653178,-0.111034145,0.197230579,0.471833774,0.040267283,k:Bacteria,p:Cyanobacteria,c:Synechococcophycideae,o:Pseudanabaenales,NA,NA,NA
centroid.otu752,-2.987115936,-0.031796389,-0.027135119,0.012355702,-0.131633645,0.020715075,-0.171029861,0.041500339,k:Bacteria,p:Nitrospirae,c:Nitrospira,o:Nitrospirales,f:0319-6A21,NA,NA
centroid.otu760,-3.069944648,0.094209156,-0.047510755,-2.04E-05,0.00112696,0.031028273,0.036016107,0.023052657,k:Bacteria,p:Planctomycetes,c:Planctomycetia,o:Gemmatales,f:Isosphaeraceae,NA,NA
centroid.otu761,-3.104404331,0.024412545,-0.01862283,0.118386789,-0.094873879,0.045611872,0.109435265,0.063143235,k:Bacteria,p:Acidobacteria,c:Acidobacteria-6,o:iii1-15,f:mb2424,NA,NA
centroid.otu771,-3.202432148,0.126644951,0.031827821,0.125036129,0.036673592,0.063914599,0.070126693,0.038615721,k:Bacteria,p:Planctomycetes,c:Planctomycetia,o:Gemmatales,f:Isosphaeraceae,NA,NA
centroid.otu779,-2.804486764,-0.070329902,-0.073386737,0.14460153,0.103047983,-0.022965239,0.486420281,0.028028364,k:Bacteria,p:Cyanobacteria,c:Synechococcophycideae,o:Pseudanabaenales,NA,NA,NA
centroid.otu794,-3.131362814,0.065191319,0.02654331,0.060872286,0.018854364,0.169085245,-0.089129396,0.054395924,k:Bacteria,p:Proteobacteria,c:Gammaproteobacteria,o:Xanthomonadales,f:Sinobacteraceae,NA,NA
centroid.otu797,-3.073512436,0.096649367,0.023917244,-0.004039299,0.068803847,-0.053454094,0.010435638,0.022341418,k:Bacteria,p:Chloroflexi,c:Ellin6529,NA,NA,NA,NA
centroid.otu801,-3.053609923,0.0809007,0.054242634,-0.091998318,-0.070128754,-0.178595271,-0.005360794,0.037815934,k:Bacteria,p:Proteobacteria,c:Alphaproteobacteria,o:Caulobacterales,f:Caulobacteraceae,g:Phenylobacterium,NA
centroid.otu815,-3.012353537,0.044515665,0.016507277,-0.135287851,-0.058496942,0.009312815,-0.033548576,0.015047249,k:Bacteria,p:Chloroflexi,c:Anaerolineae,o:Caldilineales,f:Caldilineaceae,NA,NA
centroid.otu828,-3.161511338,0.062758948,0.086562834,0.05592495,-0.038340199,-0.047672042,0.023412858,0.025389598,k:Bacteria,p:Gemmatimonadetes,c:Gemm-5,NA,NA,NA,NA
centroid.otu83,-2.582756103,0.177834618,-0.010865944,0.082493602,0.013392754,0.005311607,0.074822026,0.083094337,k:Bacteria,p:Acidobacteria,c:Acidobacteria-6,o:iii1-15,f:mb2424,NA,NA
centroid.otu837,-3.19357664,0.211745923,-0.002046528,-0.105881167,0.124792862,0.043566195,0.160359077,0.101435908,k:Bacteria,p:Chloroflexi,c:Anaerolineae,o:CFB-26,NA,NA,NA
centroid.otu84,-2.586324952,0.034830934,0.02286415,-0.098219198,0.073390297,0.001247704,0.036900339,0.033185553,k:Bacteria,p:Planctomycetes,c:Phycisphaerae,o:WD2101,NA,NA,NA
centroid.otu843,-3.110273236,0.122080646,0.040543212,0.015261315,0.003853178,-0.117614207,-0.013004048,0.038398283,k:Bacteria,p:Actinobacteria,c:Rubrobacteria,o:Rubrobacterales,f:Rubrobacteraceae,g:Rubrobacter,NA
centroid.otu846,-3.149733945,0.192323079,0.098075064,0.136236941,-0.1860633,0.006385521,0.175587148,0.048115316,k:Bacteria,p:Gemmatimonadetes,c:Gemm-3,NA,NA,NA,NA
centroid.otu853,-2.983108887,-0.108085894,-0.162207282,-0.010563243,0.057527003,0.017524633,-0.025596745,0.043439881,k:Bacteria,p:Chloroflexi,c:S085,NA,NA,NA,NA
centroid.otu859,-3.046620469,0.045117089,0.090493559,-0.002400636,0.043691428,-0.058304576,0.012181416,0.012845169,k:Bacteria,p:Actinobacteria,c:Actinobacteria,o:Actinomycetales,f:Microbacteriaceae,g:Salinibacterium,NA
centroid.otu862,-3.082199352,-0.060082123,-0.007513896,0.129081408,0.018296594,0.05362564,0.015891755,0.015505757,k:Bacteria,p:Planctomycetes,c:Planctomycetia,o:Pirellulales,f:Pirellulaceae,g:Pirellula,NA
centroid.otu863,-3.239379176,0.074166107,0.019448536,0.098651681,0.028726817,0.138336889,0.103585109,0.026590203,k:Bacteria,p:Planctomycetes,c:Planctomycetia,o:Gemmatales,f:Isosphaeraceae,NA,NA
centroid.otu868,-3.121613086,0.049877585,0.107366447,0.097620367,0.086510046,0.103516909,0.043733311,0.015654246,k:Bacteria,p:Actinobacteria,c:Actinobacteria,o:Actinomycetales,f:Streptomycetaceae,g:Streptomyces,NA
centroid.otu869,-3.170187081,0.003723368,0.073579631,0.099913185,0.030221342,0.051564517,0.069298326,0.021267215,k:Bacteria,p:Actinobacteria,c:Actinobacteria,o:Actinomycetales,f:Pseudonocardiaceae,g:Pseudonocardia,NA
centroid.otu87,-2.594864638,-0.12033059,-0.060611507,0.137592982,0.083085388,0.00559836,0.032859857,0.032251297,k:Bacteria,p:Acidobacteria,c:Acidobacteria-6,o:iii1-15,NA,NA,NA
centroid.otu892,-3.122761151,-0.009663418,0.031320739,0.035897471,0.013512079,0.080314689,-0.031383852,0.016947954,k:Bacteria,p:Proteobacteria,c:Deltaproteobacteria,o:[Entotheonellales],f:[Entotheonellaceae],g:Candidatus_Entotheonella,NA
centroid.otu900,-3.16739481,0.060201467,0.005417149,0.087879863,0.044964188,0.082664936,0.164167764,0.029451443,k:Bacteria,p:Chloroflexi,c:Anaerolineae,o:Ardenscatenales,f:Ardenscatenaceae,g:Ardenscatena,NA
centroid.otu903,-2.959135067,-0.034620108,0.02095685,-0.020195853,-0.196386152,-0.202943506,-0.193697248,0.039890944,k:Bacteria,p:Proteobacteria,c:Alphaproteobacteria,o:Sphingomonadales,f:Erythrobacteraceae,NA,NA
centroid.otu92,-2.543427168,0.043252652,-0.007254993,-0.039608026,0.092097392,0.010859612,-0.05151614,0.028576501,k:Bacteria,p:Acidobacteria,c:Acidobacteria-6,o:iii1-15,NA,NA,NA
centroid.otu924,-3.190725169,-0.036612778,0.113767103,0.086994989,0.067613146,0.036197433,0.20958382,0.052768367,k:Bacteria,p:Actinobacteria,c:Rubrobacteria,o:Rubrobacterales,f:Rubrobacteraceae,NA,NA
centroid.otu929,-3.023423472,-0.019784803,-0.118276117,-0.060462322,-0.040978373,-0.071228727,0.011717119,0.039917514,k:Bacteria,p:Chloroflexi,c:Ellin6529,NA,NA,NA,NA
centroid.otu932,-3.084973083,-0.027625007,0.003994255,-0.082373496,-0.034945803,-0.106286949,-0.045407604,0.010871952,k:Bacteria,p:Actinobacteria,c:Rubrobacteria,o:Rubrobacterales,f:Rubrobacteraceae,g:Rubrobacter,NA
centroid.otu935,-3.088248715,-0.007848608,0.051604131,0.082883406,-0.073962259,0.118718292,-0.08469294,0.053615953,k:Bacteria,p:Actinobacteria,c:Thermoleophilia,o:Solirubrobacterales,f:Solirubrobacteraceae,NA,NA
centroid.otu937,-3.940999436,0.899907357,0.163497769,1.09819157,1.002805215,1.075045444,1.4946767,0.020069135,k:Bacteria,p:Cyanobacteria,NA,NA,NA,NA,NA
centroid.otu939,-3.106186618,0.05955303,-0.00297339,0.001735672,0.013217152,0.077494478,-0.005987839,0.012591361,k:Bacteria,p:Gemmatimonadetes,c:Gemm-3,NA,NA,NA,NA
centroid.otu946,-3.235758172,0.049900355,0.073767544,0.194418551,0.109812159,0.256106182,0.19673732,0.027337763,k:Bacteria,p:Proteobacteria,c:Alphaproteobacteria,o:Rhizobiales,f:Methylocystaceae,NA,NA
centroid.otu951,-3.113526497,-0.016783736,0.017724647,-0.008261212,0.076404541,0.05059249,0.059848397,0.011065669,k:Bacteria,NA,NA,NA,NA,NA,NA
centroid.otu959,-3.058125916,-0.003967888,0.010806685,0.030141007,-0.078476113,-0.049139228,0.044635374,0.016758505,k:Bacteria,p:Armatimonadetes,c:[Fimbriimonadia],o:[Fimbriimonadales],f:[Fimbriimonadaceae],g:Fimbriimonas,NA
centroid.otu96,-2.535113456,-0.030812505,-0.060814435,-0.108539125,-0.007586535,-0.150540832,-0.143772033,0.04537315,k:Bacteria,p:Planctomycetes,c:Phycisphaerae,o:WD2101,NA,NA,NA
centroid.otu968,-3.174618839,-0.017464736,-0.079775946,0.185301651,0.126987952,0.162540257,0.131365899,0.03223956,k:Bacteria,p:Actinobacteria,c:Thermoleophilia,o:Solirubrobacterales,NA,NA,NA
centroid.otu987,-3.058248747,0.029804794,-0.084558999,-0.018115286,-0.141899138,4.59E-05,-0.069998581,0.03701426,k:Bacteria,p:Planctomycetes,c:Planctomycetia,o:Pirellulales,f:Pirellulaceae,NA,NA
centroid.otu988,-2.954731585,-0.112111163,-0.145795025,-0.174831136,-0.175415058,-0.116642774,-0.123792535,0.070551063,k:Bacteria,p:Planctomycetes,c:Planctomycetia,o:Gemmatales,f:Gemmataceae,g:Gemmata,NA
centroid.otu995,-2.963650769,-0.004138397,-0.029621955,-0.11208715,-0.090284509,-0.107073228,-0.131522013,0.016720201,k:Bacteria,p:Proteobacteria,c:Alphaproteobacteria,o:Rickettsiales,f:mitochondria,NA,NA